"Datum","Standort","Parameter","Intervall","Einheit","Wert","Status"
"2021-01-01T00:00+0100","Zch_Stampfenbachstrasse","T","h1","°C",2.35,"provisorisch"
"2021-01-01T00:00+0100","Zch_Stampfenbachstrasse","Hr","h1","%Hr",87.68,"provisorisch"
"2021-01-01T00:00+0100","Zch_Stampfenbachstrasse","p","h1","hPa",953.89,"provisorisch"
"2021-01-01T00:00+0100","Zch_Stampfenbachstrasse","RainDur","h1","min",0,"provisorisch"
"2021-01-01T00:00+0100","Zch_Stampfenbachstrasse","StrGlo","h1","W/m2",0.02,"provisorisch"
"2021-01-01T00:00+0100","Zch_Stampfenbachstrasse","WD","h1","°",5.43,"provisorisch"
"2021-01-01T00:00+0100","Zch_Stampfenbachstrasse","WVv","h1","m/s",0.84,"provisorisch"
"2021-01-01T00:00+0100","Zch_Stampfenbachstrasse","WVs","h1","m/s",1.17,"provisorisch"
"2021-01-01T00:00+0100","Zch_Schimmelstrasse","T","h1","°C",2.77,"provisorisch"
"2021-01-01T00:00+0100","Zch_Schimmelstrasse","Hr","h1","%Hr",83.52,"provisorisch"
"2021-01-01T00:00+0100","Zch_Schimmelstrasse","p","h1","hPa",956.54,"provisorisch"
"2021-01-01T00:00+0100","Zch_Schimmelstrasse","RainDur","h1","min",0,"provisorisch"
"2021-01-01T00:00+0100","Zch_Schimmelstrasse","WD","h1","°",333.16,"provisorisch"
"2021-01-01T00:00+0100","Zch_Schimmelstrasse","WVv","h1","m/s",0.03,"provisorisch"
"2021-01-01T00:00+0100","Zch_Schimmelstrasse","WVs","h1","m/s",0.67,"provisorisch"
"2021-01-01T00:00+0100","Zch_Rosengartenstrasse","T","h1","°C",2.13,"provisorisch"
"2021-01-01T00:00+0100","Zch_Rosengartenstrasse","Hr","h1","%Hr",90.3,"provisorisch"
"2021-01-01T00:00+0100","Zch_Rosengartenstrasse","p","h1","hPa",954.26,"provisorisch"
"2021-01-01T00:00+0100","Zch_Rosengartenstrasse","RainDur","h1","min",0,"provisorisch"
"2021-01-01T00:00+0100","Zch_Rosengartenstrasse","WD","h1","°",108.69,"provisorisch"
"2021-01-01T00:00+0100","Zch_Rosengartenstrasse","WVv","h1","m/s",0.21,"provisorisch"
"2021-01-01T00:00+0100","Zch_Rosengartenstrasse","WVs","h1","m/s",0.32,"provisorisch"
"2021-01-01T01:00+0100","Zch_Stampfenbachstrasse","T","h1","°C",2.1,"provisorisch"
"2021-01-01T01:00+0100","Zch_Stampfenbachstrasse","Hr","h1","%Hr",89.62,"provisorisch"
"2021-01-01T01:00+0100","Zch_Stampfenbachstrasse","p","h1","hPa",954,"provisorisch"
"2021-01-01T01:00+0100","Zch_Stampfenbachstrasse","RainDur","h1","min",0,"provisorisch"
"2021-01-01T01:00+0100","Zch_Stampfenbachstrasse","StrGlo","h1","W/m2",0.02,"provisorisch"
"2021-01-01T01:00+0100","Zch_Stampfenbachstrasse","WD","h1","°",35.88,"provisorisch"
"2021-01-01T01:00+0100","Zch_Stampfenbachstrasse","WVv","h1","m/s",0.91,"provisorisch"
"2021-01-01T01:00+0100","Zch_Stampfenbachstrasse","WVs","h1","m/s",1.27,"provisorisch"
"2021-01-01T01:00+0100","Zch_Schimmelstrasse","T","h1","°C",2.64,"provisorisch"
"2021-01-01T01:00+0100","Zch_Schimmelstrasse","Hr","h1","%Hr",85.49,"provisorisch"
"2021-01-01T01:00+0100","Zch_Schimmelstrasse","p","h1","hPa",956.64,"provisorisch"
"2021-01-01T01:00+0100","Zch_Schimmelstrasse","RainDur","h1","min",0,"provisorisch"
"2021-01-01T01:00+0100","Zch_Schimmelstrasse","WD","h1","°",334.51,"provisorisch"
"2021-01-01T01:00+0100","Zch_Schimmelstrasse","WVv","h1","m/s",0.15,"provisorisch"
"2021-01-01T01:00+0100","Zch_Schimmelstrasse","WVs","h1","m/s",0.55,"provisorisch"
"2021-01-01T01:00+0100","Zch_Rosengartenstrasse","T","h1","°C",1.92,"provisorisch"
"2021-01-01T01:00+0100","Zch_Rosengartenstrasse","Hr","h1","%Hr",92.17,"provisorisch"
"2021-01-01T01:00+0100","Zch_Rosengartenstrasse","p","h1","hPa",954.34,"provisorisch"
"2021-01-01T01:00+0100","Zch_Rosengartenstrasse","RainDur","h1","min",0.07,"provisorisch"
"2021-01-01T01:00+0100","Zch_Rosengartenstrasse","WD","h1","°",94.15,"provisorisch"
"2021-01-01T01:00+0100","Zch_Rosengartenstrasse","WVv","h1","m/s",0.31,"provisorisch"
"2021-01-01T01:00+0100","Zch_Rosengartenstrasse","WVs","h1","m/s",0.35,"provisorisch"
"2021-01-01T02:00+0100","Zch_Stampfenbachstrasse","T","h1","°C",2.29,"provisorisch"
"2021-01-01T02:00+0100","Zch_Stampfenbachstrasse","Hr","h1","%Hr",90.74,"provisorisch"
"2021-01-01T02:00+0100","Zch_Stampfenbachstrasse","p","h1","hPa",954.36,"provisorisch"
"2021-01-01T02:00+0100","Zch_Stampfenbachstrasse","RainDur","h1","min",0,"provisorisch"
"2021-01-01T02:00+0100","Zch_Stampfenbachstrasse","StrGlo","h1","W/m2",0.02,"provisorisch"
"2021-01-01T02:00+0100","Zch_Stampfenbachstrasse","WD","h1","°",304.59,"provisorisch"
"2021-01-01T02:00+0100","Zch_Stampfenbachstrasse","WVv","h1","m/s",0.24,"provisorisch"
"2021-01-01T02:00+0100","Zch_Stampfenbachstrasse","WVs","h1","m/s",0.86,"provisorisch"
"2021-01-01T02:00+0100","Zch_Schimmelstrasse","T","h1","°C",2.7,"provisorisch"
"2021-01-01T02:00+0100","Zch_Schimmelstrasse","Hr","h1","%Hr",86.09,"provisorisch"
"2021-01-01T02:00+0100","Zch_Schimmelstrasse","p","h1","hPa",957.02,"provisorisch"
"2021-01-01T02:00+0100","Zch_Schimmelstrasse","RainDur","h1","min",0,"provisorisch"
"2021-01-01T02:00+0100","Zch_Schimmelstrasse","WD","h1","°",320.82,"provisorisch"
"2021-01-01T02:00+0100","Zch_Schimmelstrasse","WVv","h1","m/s",0.04,"provisorisch"
"2021-01-01T02:00+0100","Zch_Schimmelstrasse","WVs","h1","m/s",0.84,"provisorisch"
"2021-01-01T02:00+0100","Zch_Rosengartenstrasse","T","h1","°C",2.17,"provisorisch"
"2021-01-01T02:00+0100","Zch_Rosengartenstrasse","Hr","h1","%Hr",91.85,"provisorisch"
"2021-01-01T02:00+0100","Zch_Rosengartenstrasse","p","h1","hPa",954.69,"provisorisch"
"2021-01-01T02:00+0100","Zch_Rosengartenstrasse","RainDur","h1","min",0.52,"provisorisch"
"2021-01-01T02:00+0100","Zch_Rosengartenstrasse","WD","h1","°",108.49,"provisorisch"
"2021-01-01T02:00+0100","Zch_Rosengartenstrasse","WVv","h1","m/s",0.29,"provisorisch"
"2021-01-01T02:00+0100","Zch_Rosengartenstrasse","WVs","h1","m/s",0.39,"provisorisch"
"2021-01-01T03:00+0100","Zch_Stampfenbachstrasse","T","h1","°C",2.04,"provisorisch"
"2021-01-01T03:00+0100","Zch_Stampfenbachstrasse","Hr","h1","%Hr",91.72,"provisorisch"
"2021-01-01T03:00+0100","Zch_Stampfenbachstrasse","p","h1","hPa",954.61,"provisorisch"
"2021-01-01T03:00+0100","Zch_Stampfenbachstrasse","RainDur","h1","min",0,"provisorisch"
"2021-01-01T03:00+0100","Zch_Stampfenbachstrasse","StrGlo","h1","W/m2",0.02,"provisorisch"
"2021-01-01T03:00+0100","Zch_Stampfenbachstrasse","WD","h1","°",336.31,"provisorisch"
"2021-01-01T03:00+0100","Zch_Stampfenbachstrasse","WVv","h1","m/s",0.35,"provisorisch"
"2021-01-01T03:00+0100","Zch_Stampfenbachstrasse","WVs","h1","m/s",0.69,"provisorisch"
"2021-01-01T03:00+0100","Zch_Schimmelstrasse","T","h1","°C",2.67,"provisorisch"
"2021-01-01T03:00+0100","Zch_Schimmelstrasse","Hr","h1","%Hr",86.76,"provisorisch"
"2021-01-01T03:00+0100","Zch_Schimmelstrasse","p","h1","hPa",957.23,"provisorisch"
"2021-01-01T03:00+0100","Zch_Schimmelstrasse","RainDur","h1","min",0.03,"provisorisch"
"2021-01-01T03:00+0100","Zch_Schimmelstrasse","WD","h1","°",330.06,"provisorisch"
"2021-01-01T03:00+0100","Zch_Schimmelstrasse","WVv","h1","m/s",0.15,"provisorisch"
"2021-01-01T03:00+0100","Zch_Schimmelstrasse","WVs","h1","m/s",0.53,"provisorisch"
"2021-01-01T03:00+0100","Zch_Rosengartenstrasse","T","h1","°C",2.02,"provisorisch"
"2021-01-01T03:00+0100","Zch_Rosengartenstrasse","Hr","h1","%Hr",93.24,"provisorisch"
"2021-01-01T03:00+0100","Zch_Rosengartenstrasse","p","h1","hPa",954.9,"provisorisch"
"2021-01-01T03:00+0100","Zch_Rosengartenstrasse","RainDur","h1","min",6.32,"provisorisch"
"2021-01-01T03:00+0100","Zch_Rosengartenstrasse","WD","h1","°",96.6,"provisorisch"
"2021-01-01T03:00+0100","Zch_Rosengartenstrasse","WVv","h1","m/s",0.28,"provisorisch"
"2021-01-01T03:00+0100","Zch_Rosengartenstrasse","WVs","h1","m/s",0.31,"provisorisch"
"2021-01-01T04:00+0100","Zch_Stampfenbachstrasse","T","h1","°C",2.33,"provisorisch"
"2021-01-01T04:00+0100","Zch_Stampfenbachstrasse","Hr","h1","%Hr",90.79,"provisorisch"
"2021-01-01T04:00+0100","Zch_Stampfenbachstrasse","p","h1","hPa",954.56,"provisorisch"
"2021-01-01T04:00+0100","Zch_Stampfenbachstrasse","RainDur","h1","min",0,"provisorisch"
"2021-01-01T04:00+0100","Zch_Stampfenbachstrasse","StrGlo","h1","W/m2",0.02,"provisorisch"
"2021-01-01T04:00+0100","Zch_Stampfenbachstrasse","WD","h1","°",307.78,"provisorisch"
"2021-01-01T04:00+0100","Zch_Stampfenbachstrasse","WVv","h1","m/s",0.15,"provisorisch"
"2021-01-01T04:00+0100","Zch_Stampfenbachstrasse","WVs","h1","m/s",0.65,"provisorisch"
"2021-01-01T04:00+0100","Zch_Schimmelstrasse","T","h1","°C",2.99,"provisorisch"
"2021-01-01T04:00+0100","Zch_Schimmelstrasse","Hr","h1","%Hr",84.86,"provisorisch"
"2021-01-01T04:00+0100","Zch_Schimmelstrasse","p","h1","hPa",957.22,"provisorisch"
"2021-01-01T04:00+0100","Zch_Schimmelstrasse","RainDur","h1","min",0.43,"provisorisch"
"2021-01-01T04:00+0100","Zch_Schimmelstrasse","WD","h1","°",153.46,"provisorisch"
"2021-01-01T04:00+0100","Zch_Schimmelstrasse","WVv","h1","m/s",0.2,"provisorisch"
"2021-01-01T04:00+0100","Zch_Schimmelstrasse","WVs","h1","m/s",0.43,"provisorisch"
"2021-01-01T04:00+0100","Zch_Rosengartenstrasse","T","h1","°C",2.27,"provisorisch"
"2021-01-01T04:00+0100","Zch_Rosengartenstrasse","Hr","h1","%Hr",92.38,"provisorisch"
"2021-01-01T04:00+0100","Zch_Rosengartenstrasse","p","h1","hPa",954.9,"provisorisch"
"2021-01-01T04:00+0100","Zch_Rosengartenstrasse","RainDur","h1","min",4.22,"provisorisch"
"2021-01-01T04:00+0100","Zch_Rosengartenstrasse","WD","h1","°",96.94,"provisorisch"
"2021-01-01T04:00+0100","Zch_Rosengartenstrasse","WVv","h1","m/s",0.2,"provisorisch"
"2021-01-01T04:00+0100","Zch_Rosengartenstrasse","WVs","h1","m/s",0.28,"provisorisch"
"2021-01-01T05:00+0100","Zch_Stampfenbachstrasse","T","h1","°C",2.34,"provisorisch"
"2021-01-01T05:00+0100","Zch_Stampfenbachstrasse","Hr","h1","%Hr",91.79,"provisorisch"
"2021-01-01T05:00+0100","Zch_Stampfenbachstrasse","p","h1","hPa",954.8,"provisorisch"
"2021-01-01T05:00+0100","Zch_Stampfenbachstrasse","RainDur","h1","min",48.22,"provisorisch"
"2021-01-01T05:00+0100","Zch_Stampfenbachstrasse","StrGlo","h1","W/m2",0.02,"provisorisch"
"2021-01-01T05:00+0100","Zch_Stampfenbachstrasse","WD","h1","°",292.83,"provisorisch"
"2021-01-01T05:00+0100","Zch_Stampfenbachstrasse","WVv","h1","m/s",0.45,"provisorisch"
"2021-01-01T05:00+0100","Zch_Stampfenbachstrasse","WVs","h1","m/s",0.81,"provisorisch"
"2021-01-01T05:00+0100","Zch_Schimmelstrasse","T","h1","°C",2.94,"provisorisch"
"2021-01-01T05:00+0100","Zch_Schimmelstrasse","Hr","h1","%Hr",85.69,"provisorisch"
"2021-01-01T05:00+0100","Zch_Schimmelstrasse","p","h1","hPa",957.42,"provisorisch"
"2021-01-01T05:00+0100","Zch_Schimmelstrasse","RainDur","h1","min",50.72,"provisorisch"
"2021-01-01T05:00+0100","Zch_Schimmelstrasse","WD","h1","°",333.39,"provisorisch"
"2021-01-01T05:00+0100","Zch_Schimmelstrasse","WVv","h1","m/s",0.25,"provisorisch"
"2021-01-01T05:00+0100","Zch_Schimmelstrasse","WVs","h1","m/s",0.64,"provisorisch"
"2021-01-01T05:00+0100","Zch_Rosengartenstrasse","T","h1","°C",2.27,"provisorisch"
"2021-01-01T05:00+0100","Zch_Rosengartenstrasse","Hr","h1","%Hr",93.54,"provisorisch"
"2021-01-01T05:00+0100","Zch_Rosengartenstrasse","p","h1","hPa",955.12,"provisorisch"
"2021-01-01T05:00+0100","Zch_Rosengartenstrasse","RainDur","h1","min",52.38,"provisorisch"
"2021-01-01T05:00+0100","Zch_Rosengartenstrasse","WD","h1","°",203.76,"provisorisch"
"2021-01-01T05:00+0100","Zch_Rosengartenstrasse","WVv","h1","m/s",0.09,"provisorisch"
"2021-01-01T05:00+0100","Zch_Rosengartenstrasse","WVs","h1","m/s",0.29,"provisorisch"
"2021-01-01T06:00+0100","Zch_Stampfenbachstrasse","T","h1","°C",2.05,"provisorisch"
"2021-01-01T06:00+0100","Zch_Stampfenbachstrasse","Hr","h1","%Hr",92.38,"provisorisch"
"2021-01-01T06:00+0100","Zch_Stampfenbachstrasse","p","h1","hPa",955,"provisorisch"
"2021-01-01T06:00+0100","Zch_Stampfenbachstrasse","RainDur","h1","min",39.45,"provisorisch"
"2021-01-01T06:00+0100","Zch_Stampfenbachstrasse","StrGlo","h1","W/m2",0.02,"provisorisch"
"2021-01-01T06:00+0100","Zch_Stampfenbachstrasse","WD","h1","°",330.04,"provisorisch"
"2021-01-01T06:00+0100","Zch_Stampfenbachstrasse","WVv","h1","m/s",0.25,"provisorisch"
"2021-01-01T06:00+0100","Zch_Stampfenbachstrasse","WVs","h1","m/s",0.66,"provisorisch"
"2021-01-01T06:00+0100","Zch_Schimmelstrasse","T","h1","°C",2.66,"provisorisch"
"2021-01-01T06:00+0100","Zch_Schimmelstrasse","Hr","h1","%Hr",87.19,"provisorisch"
"2021-01-01T06:00+0100","Zch_Schimmelstrasse","p","h1","hPa",957.65,"provisorisch"
"2021-01-01T06:00+0100","Zch_Schimmelstrasse","RainDur","h1","min",8.78,"provisorisch"
"2021-01-01T06:00+0100","Zch_Schimmelstrasse","WD","h1","°",324.96,"provisorisch"
"2021-01-01T06:00+0100","Zch_Schimmelstrasse","WVv","h1","m/s",0.39,"provisorisch"
"2021-01-01T06:00+0100","Zch_Schimmelstrasse","WVs","h1","m/s",0.64,"provisorisch"
"2021-01-01T06:00+0100","Zch_Rosengartenstrasse","T","h1","°C",2.07,"provisorisch"
"2021-01-01T06:00+0100","Zch_Rosengartenstrasse","Hr","h1","%Hr",93.66,"provisorisch"
"2021-01-01T06:00+0100","Zch_Rosengartenstrasse","p","h1","hPa",955.28,"provisorisch"
"2021-01-01T06:00+0100","Zch_Rosengartenstrasse","RainDur","h1","min",15.05,"provisorisch"
"2021-01-01T06:00+0100","Zch_Rosengartenstrasse","WD","h1","°",112.37,"provisorisch"
"2021-01-01T06:00+0100","Zch_Rosengartenstrasse","WVv","h1","m/s",0.21,"provisorisch"
"2021-01-01T06:00+0100","Zch_Rosengartenstrasse","WVs","h1","m/s",0.34,"provisorisch"
"2021-01-01T07:00+0100","Zch_Stampfenbachstrasse","T","h1","°C",1.91,"provisorisch"
"2021-01-01T07:00+0100","Zch_Stampfenbachstrasse","Hr","h1","%Hr",93.48,"provisorisch"
"2021-01-01T07:00+0100","Zch_Stampfenbachstrasse","p","h1","hPa",955.6,"provisorisch"
"2021-01-01T07:00+0100","Zch_Stampfenbachstrasse","RainDur","h1","min",46.57,"provisorisch"
"2021-01-01T07:00+0100","Zch_Stampfenbachstrasse","StrGlo","h1","W/m2",0.02,"provisorisch"
"2021-01-01T07:00+0100","Zch_Stampfenbachstrasse","WD","h1","°",302.2,"provisorisch"
"2021-01-01T07:00+0100","Zch_Stampfenbachstrasse","WVv","h1","m/s",0.86,"provisorisch"
"2021-01-01T07:00+0100","Zch_Stampfenbachstrasse","WVs","h1","m/s",1.01,"provisorisch"
"2021-01-01T07:00+0100","Zch_Schimmelstrasse","T","h1","°C",2.56,"provisorisch"
"2021-01-01T07:00+0100","Zch_Schimmelstrasse","Hr","h1","%Hr",88.61,"provisorisch"
"2021-01-01T07:00+0100","Zch_Schimmelstrasse","p","h1","hPa",958.32,"provisorisch"
"2021-01-01T07:00+0100","Zch_Schimmelstrasse","RainDur","h1","min",40.82,"provisorisch"
"2021-01-01T07:00+0100","Zch_Schimmelstrasse","WD","h1","°",322.56,"provisorisch"
"2021-01-01T07:00+0100","Zch_Schimmelstrasse","WVv","h1","m/s",0.15,"provisorisch"
"2021-01-01T07:00+0100","Zch_Schimmelstrasse","WVs","h1","m/s",0.83,"provisorisch"
"2021-01-01T07:00+0100","Zch_Rosengartenstrasse","T","h1","°C",2,"provisorisch"
"2021-01-01T07:00+0100","Zch_Rosengartenstrasse","Hr","h1","%Hr",94.01,"provisorisch"
"2021-01-01T07:00+0100","Zch_Rosengartenstrasse","p","h1","hPa",955.93,"provisorisch"
"2021-01-01T07:00+0100","Zch_Rosengartenstrasse","RainDur","h1","min",32.53,"provisorisch"
"2021-01-01T07:00+0100","Zch_Rosengartenstrasse","WD","h1","°",191,"provisorisch"
"2021-01-01T07:00+0100","Zch_Rosengartenstrasse","WVv","h1","m/s",0.19,"provisorisch"
"2021-01-01T07:00+0100","Zch_Rosengartenstrasse","WVs","h1","m/s",0.32,"provisorisch"
"2021-01-01T08:00+0100","Zch_Stampfenbachstrasse","T","h1","°C",1.8,"provisorisch"
"2021-01-01T08:00+0100","Zch_Stampfenbachstrasse","Hr","h1","%Hr",93.78,"provisorisch"
"2021-01-01T08:00+0100","Zch_Stampfenbachstrasse","p","h1","hPa",956.09,"provisorisch"
"2021-01-01T08:00+0100","Zch_Stampfenbachstrasse","RainDur","h1","min",0.08,"provisorisch"
"2021-01-01T08:00+0100","Zch_Stampfenbachstrasse","StrGlo","h1","W/m2",9.69,"provisorisch"
"2021-01-01T08:00+0100","Zch_Stampfenbachstrasse","WD","h1","°",246.78,"provisorisch"
"2021-01-01T08:00+0100","Zch_Stampfenbachstrasse","WVv","h1","m/s",0.04,"provisorisch"
"2021-01-01T08:00+0100","Zch_Stampfenbachstrasse","WVs","h1","m/s",0.53,"provisorisch"
"2021-01-01T08:00+0100","Zch_Schimmelstrasse","T","h1","°C",2.63,"provisorisch"
"2021-01-01T08:00+0100","Zch_Schimmelstrasse","Hr","h1","%Hr",87.99,"provisorisch"
"2021-01-01T08:00+0100","Zch_Schimmelstrasse","p","h1","hPa",958.74,"provisorisch"
"2021-01-01T08:00+0100","Zch_Schimmelstrasse","RainDur","h1","min",0.53,"provisorisch"
"2021-01-01T08:00+0100","Zch_Schimmelstrasse","WD","h1","°",279.6,"provisorisch"
"2021-01-01T08:00+0100","Zch_Schimmelstrasse","WVv","h1","m/s",0,"provisorisch"
"2021-01-01T08:00+0100","Zch_Schimmelstrasse","WVs","h1","m/s",0.5,"provisorisch"
"2021-01-01T08:00+0100","Zch_Rosengartenstrasse","T","h1","°C",1.99,"provisorisch"
"2021-01-01T08:00+0100","Zch_Rosengartenstrasse","Hr","h1","%Hr",93.91,"provisorisch"
"2021-01-01T08:00+0100","Zch_Rosengartenstrasse","p","h1","hPa",956.42,"provisorisch"
"2021-01-01T08:00+0100","Zch_Rosengartenstrasse","RainDur","h1","min",0.55,"provisorisch"
"2021-01-01T08:00+0100","Zch_Rosengartenstrasse","WD","h1","°",150.53,"provisorisch"
"2021-01-01T08:00+0100","Zch_Rosengartenstrasse","WVv","h1","m/s",0.19,"provisorisch"
"2021-01-01T08:00+0100","Zch_Rosengartenstrasse","WVs","h1","m/s",0.32,"provisorisch"
"2021-01-01T09:00+0100","Zch_Stampfenbachstrasse","T","h1","°C",2.33,"provisorisch"
"2021-01-01T09:00+0100","Zch_Stampfenbachstrasse","Hr","h1","%Hr",90.01,"provisorisch"
"2021-01-01T09:00+0100","Zch_Stampfenbachstrasse","p","h1","hPa",956.32,"provisorisch"
"2021-01-01T09:00+0100","Zch_Stampfenbachstrasse","RainDur","h1","min",0,"provisorisch"
"2021-01-01T09:00+0100","Zch_Stampfenbachstrasse","StrGlo","h1","W/m2",49.15,"provisorisch"
"2021-01-01T09:00+0100","Zch_Stampfenbachstrasse","WD","h1","°",29.92,"provisorisch"
"2021-01-01T09:00+0100","Zch_Stampfenbachstrasse","WVv","h1","m/s",0.04,"provisorisch"
"2021-01-01T09:00+0100","Zch_Stampfenbachstrasse","WVs","h1","m/s",0.48,"provisorisch"
"2021-01-01T09:00+0100","Zch_Schimmelstrasse","T","h1","°C",3.14,"provisorisch"
"2021-01-01T09:00+0100","Zch_Schimmelstrasse","Hr","h1","%Hr",85.63,"provisorisch"
"2021-01-01T09:00+0100","Zch_Schimmelstrasse","p","h1","hPa",958.94,"provisorisch"
"2021-01-01T09:00+0100","Zch_Schimmelstrasse","RainDur","h1","min",0,"provisorisch"
"2021-01-01T09:00+0100","Zch_Schimmelstrasse","WD","h1","°",308.89,"provisorisch"
"2021-01-01T09:00+0100","Zch_Schimmelstrasse","WVv","h1","m/s",0.03,"provisorisch"
"2021-01-01T09:00+0100","Zch_Schimmelstrasse","WVs","h1","m/s",0.38,"provisorisch"
"2021-01-01T09:00+0100","Zch_Rosengartenstrasse","T","h1","°C",2.22,"provisorisch"
"2021-01-01T09:00+0100","Zch_Rosengartenstrasse","Hr","h1","%Hr",93.15,"provisorisch"
"2021-01-01T09:00+0100","Zch_Rosengartenstrasse","p","h1","hPa",956.66,"provisorisch"
"2021-01-01T09:00+0100","Zch_Rosengartenstrasse","RainDur","h1","min",0,"provisorisch"
"2021-01-01T09:00+0100","Zch_Rosengartenstrasse","WD","h1","°",99.49,"provisorisch"
"2021-01-01T09:00+0100","Zch_Rosengartenstrasse","WVv","h1","m/s",0.27,"provisorisch"
"2021-01-01T09:00+0100","Zch_Rosengartenstrasse","WVs","h1","m/s",0.26,"provisorisch"
"2021-01-01T10:00+0100","Zch_Stampfenbachstrasse","T","h1","°C",2.61,"provisorisch"
"2021-01-01T10:00+0100","Zch_Stampfenbachstrasse","Hr","h1","%Hr",87.9,"provisorisch"
"2021-01-01T10:00+0100","Zch_Stampfenbachstrasse","p","h1","hPa",956.61,"provisorisch"
"2021-01-01T10:00+0100","Zch_Stampfenbachstrasse","RainDur","h1","min",0,"provisorisch"
"2021-01-01T10:00+0100","Zch_Stampfenbachstrasse","StrGlo","h1","W/m2",92.7,"provisorisch"
"2021-01-01T10:00+0100","Zch_Stampfenbachstrasse","WD","h1","°",292.18,"provisorisch"
"2021-01-01T10:00+0100","Zch_Stampfenbachstrasse","WVv","h1","m/s",1.01,"provisorisch"
"2021-01-01T10:00+0100","Zch_Stampfenbachstrasse","WVs","h1","m/s",1.08,"provisorisch"
"2021-01-01T10:00+0100","Zch_Schimmelstrasse","T","h1","°C",3.32,"provisorisch"
"2021-01-01T10:00+0100","Zch_Schimmelstrasse","Hr","h1","%Hr",83.47,"provisorisch"
"2021-01-01T10:00+0100","Zch_Schimmelstrasse","p","h1","hPa",959.32,"provisorisch"
"2021-01-01T10:00+0100","Zch_Schimmelstrasse","RainDur","h1","min",0,"provisorisch"
"2021-01-01T10:00+0100","Zch_Schimmelstrasse","WD","h1","°",325.58,"provisorisch"
"2021-01-01T10:00+0100","Zch_Schimmelstrasse","WVv","h1","m/s",0.12,"provisorisch"
"2021-01-01T10:00+0100","Zch_Schimmelstrasse","WVs","h1","m/s",0.68,"provisorisch"
"2021-01-01T10:00+0100","Zch_Rosengartenstrasse","T","h1","°C",2.79,"provisorisch"
"2021-01-01T10:00+0100","Zch_Rosengartenstrasse","Hr","h1","%Hr",90.2,"provisorisch"
"2021-01-01T10:00+0100","Zch_Rosengartenstrasse","p","h1","hPa",957,"provisorisch"
"2021-01-01T10:00+0100","Zch_Rosengartenstrasse","RainDur","h1","min",0,"provisorisch"
"2021-01-01T10:00+0100","Zch_Rosengartenstrasse","WD","h1","°",206.57,"provisorisch"
"2021-01-01T10:00+0100","Zch_Rosengartenstrasse","WVv","h1","m/s",0.28,"provisorisch"
"2021-01-01T10:00+0100","Zch_Rosengartenstrasse","WVs","h1","m/s",0.42,"provisorisch"
"2021-01-01T11:00+0100","Zch_Stampfenbachstrasse","T","h1","°C",2.78,"provisorisch"
"2021-01-01T11:00+0100","Zch_Stampfenbachstrasse","Hr","h1","%Hr",86.84,"provisorisch"
"2021-01-01T11:00+0100","Zch_Stampfenbachstrasse","p","h1","hPa",956.75,"provisorisch"
"2021-01-01T11:00+0100","Zch_Stampfenbachstrasse","RainDur","h1","min",0,"provisorisch"
"2021-01-01T11:00+0100","Zch_Stampfenbachstrasse","StrGlo","h1","W/m2",119.04,"provisorisch"
"2021-01-01T11:00+0100","Zch_Stampfenbachstrasse","WD","h1","°",334.3,"provisorisch"
"2021-01-01T11:00+0100","Zch_Stampfenbachstrasse","WVv","h1","m/s",1.58,"provisorisch"
"2021-01-01T11:00+0100","Zch_Stampfenbachstrasse","WVs","h1","m/s",1.81,"provisorisch"
"2021-01-01T11:00+0100","Zch_Schimmelstrasse","T","h1","°C",3.24,"provisorisch"
"2021-01-01T11:00+0100","Zch_Schimmelstrasse","Hr","h1","%Hr",82.41,"provisorisch"
"2021-01-01T11:00+0100","Zch_Schimmelstrasse","p","h1","hPa",959.46,"provisorisch"
"2021-01-01T11:00+0100","Zch_Schimmelstrasse","RainDur","h1","min",0,"provisorisch"
"2021-01-01T11:00+0100","Zch_Schimmelstrasse","WD","h1","°",328.07,"provisorisch"
"2021-01-01T11:00+0100","Zch_Schimmelstrasse","WVv","h1","m/s",1.2,"provisorisch"
"2021-01-01T11:00+0100","Zch_Schimmelstrasse","WVs","h1","m/s",1.26,"provisorisch"
"2021-01-01T11:00+0100","Zch_Rosengartenstrasse","T","h1","°C",2.61,"provisorisch"
"2021-01-01T11:00+0100","Zch_Rosengartenstrasse","Hr","h1","%Hr",88.25,"provisorisch"
"2021-01-01T11:00+0100","Zch_Rosengartenstrasse","p","h1","hPa",957.17,"provisorisch"
"2021-01-01T11:00+0100","Zch_Rosengartenstrasse","RainDur","h1","min",0,"provisorisch"
"2021-01-01T11:00+0100","Zch_Rosengartenstrasse","WD","h1","°",86.58,"provisorisch"
"2021-01-01T11:00+0100","Zch_Rosengartenstrasse","WVv","h1","m/s",0.14,"provisorisch"
"2021-01-01T11:00+0100","Zch_Rosengartenstrasse","WVs","h1","m/s",0.39,"provisorisch"
"2021-01-01T12:00+0100","Zch_Stampfenbachstrasse","T","h1","°C",2.46,"provisorisch"
"2021-01-01T12:00+0100","Zch_Stampfenbachstrasse","Hr","h1","%Hr",86.6,"provisorisch"
"2021-01-01T12:00+0100","Zch_Stampfenbachstrasse","p","h1","hPa",956.44,"provisorisch"
"2021-01-01T12:00+0100","Zch_Stampfenbachstrasse","RainDur","h1","min",0,"provisorisch"
"2021-01-01T12:00+0100","Zch_Stampfenbachstrasse","StrGlo","h1","W/m2",73.67,"provisorisch"
"2021-01-01T12:00+0100","Zch_Stampfenbachstrasse","WD","h1","°",332.68,"provisorisch"
"2021-01-01T12:00+0100","Zch_Stampfenbachstrasse","WVv","h1","m/s",1.1,"provisorisch"
"2021-01-01T12:00+0100","Zch_Stampfenbachstrasse","WVs","h1","m/s",1.49,"provisorisch"
"2021-01-01T12:00+0100","Zch_Schimmelstrasse","T","h1","°C",2.97,"provisorisch"
"2021-01-01T12:00+0100","Zch_Schimmelstrasse","Hr","h1","%Hr",81.91,"provisorisch"
"2021-01-01T12:00+0100","Zch_Schimmelstrasse","p","h1","hPa",959.08,"provisorisch"
"2021-01-01T12:00+0100","Zch_Schimmelstrasse","RainDur","h1","min",0,"provisorisch"
"2021-01-01T12:00+0100","Zch_Schimmelstrasse","WD","h1","°",343.18,"provisorisch"
"2021-01-01T12:00+0100","Zch_Schimmelstrasse","WVv","h1","m/s",0.26,"provisorisch"
"2021-01-01T12:00+0100","Zch_Schimmelstrasse","WVs","h1","m/s",1.17,"provisorisch"
"2021-01-01T12:00+0100","Zch_Rosengartenstrasse","T","h1","°C",2.37,"provisorisch"
"2021-01-01T12:00+0100","Zch_Rosengartenstrasse","Hr","h1","%Hr",87.19,"provisorisch"
"2021-01-01T12:00+0100","Zch_Rosengartenstrasse","p","h1","hPa",956.82,"provisorisch"
"2021-01-01T12:00+0100","Zch_Rosengartenstrasse","RainDur","h1","min",0,"provisorisch"
"2021-01-01T12:00+0100","Zch_Rosengartenstrasse","WD","h1","°",123.62,"provisorisch"
"2021-01-01T12:00+0100","Zch_Rosengartenstrasse","WVv","h1","m/s",0.24,"provisorisch"
"2021-01-01T12:00+0100","Zch_Rosengartenstrasse","WVs","h1","m/s",0.38,"provisorisch"
"2021-01-01T13:00+0100","Zch_Stampfenbachstrasse","T","h1","°C",2.54,"provisorisch"
"2021-01-01T13:00+0100","Zch_Stampfenbachstrasse","Hr","h1","%Hr",86.56,"provisorisch"
"2021-01-01T13:00+0100","Zch_Stampfenbachstrasse","p","h1","hPa",956.18,"provisorisch"
"2021-01-01T13:00+0100","Zch_Stampfenbachstrasse","RainDur","h1","min",0,"provisorisch"
"2021-01-01T13:00+0100","Zch_Stampfenbachstrasse","StrGlo","h1","W/m2",56.42,"provisorisch"
"2021-01-01T13:00+0100","Zch_Stampfenbachstrasse","WD","h1","°",345.24,"provisorisch"
"2021-01-01T13:00+0100","Zch_Stampfenbachstrasse","WVv","h1","m/s",1.59,"provisorisch"
"2021-01-01T13:00+0100","Zch_Stampfenbachstrasse","WVs","h1","m/s",1.74,"provisorisch"
"2021-01-01T13:00+0100","Zch_Schimmelstrasse","T","h1","°C",3.04,"provisorisch"
"2021-01-01T13:00+0100","Zch_Schimmelstrasse","Hr","h1","%Hr",81.17,"provisorisch"
"2021-01-01T13:00+0100","Zch_Schimmelstrasse","p","h1","hPa",958.8,"provisorisch"
"2021-01-01T13:00+0100","Zch_Schimmelstrasse","RainDur","h1","min",0,"provisorisch"
"2021-01-01T13:00+0100","Zch_Schimmelstrasse","WD","h1","°",333.32,"provisorisch"
"2021-01-01T13:00+0100","Zch_Schimmelstrasse","WVv","h1","m/s",0.72,"provisorisch"
"2021-01-01T13:00+0100","Zch_Schimmelstrasse","WVs","h1","m/s",1.14,"provisorisch"
"2021-01-01T13:00+0100","Zch_Rosengartenstrasse","T","h1","°C",2.34,"provisorisch"
"2021-01-01T13:00+0100","Zch_Rosengartenstrasse","Hr","h1","%Hr",87.04,"provisorisch"
"2021-01-01T13:00+0100","Zch_Rosengartenstrasse","p","h1","hPa",956.54,"provisorisch"
"2021-01-01T13:00+0100","Zch_Rosengartenstrasse","RainDur","h1","min",0,"provisorisch"
"2021-01-01T13:00+0100","Zch_Rosengartenstrasse","WD","h1","°",140.5,"provisorisch"
"2021-01-01T13:00+0100","Zch_Rosengartenstrasse","WVv","h1","m/s",0.26,"provisorisch"
"2021-01-01T13:00+0100","Zch_Rosengartenstrasse","WVs","h1","m/s",0.46,"provisorisch"
"2021-01-01T14:00+0100","Zch_Stampfenbachstrasse","T","h1","°C",2.67,"provisorisch"
"2021-01-01T14:00+0100","Zch_Stampfenbachstrasse","Hr","h1","%Hr",85.93,"provisorisch"
"2021-01-01T14:00+0100","Zch_Stampfenbachstrasse","p","h1","hPa",956.17,"provisorisch"
"2021-01-01T14:00+0100","Zch_Stampfenbachstrasse","RainDur","h1","min",0,"provisorisch"
"2021-01-01T14:00+0100","Zch_Stampfenbachstrasse","StrGlo","h1","W/m2",74.51,"provisorisch"
"2021-01-01T14:00+0100","Zch_Stampfenbachstrasse","WD","h1","°",9.71,"provisorisch"
"2021-01-01T14:00+0100","Zch_Stampfenbachstrasse","WVv","h1","m/s",1.92,"provisorisch"
"2021-01-01T14:00+0100","Zch_Stampfenbachstrasse","WVs","h1","m/s",2.01,"provisorisch"
"2021-01-01T14:00+0100","Zch_Schimmelstrasse","T","h1","°C",3.12,"provisorisch"
"2021-01-01T14:00+0100","Zch_Schimmelstrasse","Hr","h1","%Hr",81.62,"provisorisch"
"2021-01-01T14:00+0100","Zch_Schimmelstrasse","p","h1","hPa",958.88,"provisorisch"
"2021-01-01T14:00+0100","Zch_Schimmelstrasse","RainDur","h1","min",0,"provisorisch"
"2021-01-01T14:00+0100","Zch_Schimmelstrasse","WD","h1","°",329.31,"provisorisch"
"2021-01-01T14:00+0100","Zch_Schimmelstrasse","WVv","h1","m/s",0.66,"provisorisch"
"2021-01-01T14:00+0100","Zch_Schimmelstrasse","WVs","h1","m/s",1.12,"provisorisch"
"2021-01-01T14:00+0100","Zch_Rosengartenstrasse","T","h1","°C",2.63,"provisorisch"
"2021-01-01T14:00+0100","Zch_Rosengartenstrasse","Hr","h1","%Hr",87.29,"provisorisch"
"2021-01-01T14:00+0100","Zch_Rosengartenstrasse","p","h1","hPa",956.52,"provisorisch"
"2021-01-01T14:00+0100","Zch_Rosengartenstrasse","RainDur","h1","min",0,"provisorisch"
"2021-01-01T14:00+0100","Zch_Rosengartenstrasse","WD","h1","°",123.85,"provisorisch"
"2021-01-01T14:00+0100","Zch_Rosengartenstrasse","WVv","h1","m/s",0.24,"provisorisch"
"2021-01-01T14:00+0100","Zch_Rosengartenstrasse","WVs","h1","m/s",0.4,"provisorisch"
"2021-01-01T15:00+0100","Zch_Stampfenbachstrasse","T","h1","°C",3.11,"provisorisch"
"2021-01-01T15:00+0100","Zch_Stampfenbachstrasse","Hr","h1","%Hr",83.91,"provisorisch"
"2021-01-01T15:00+0100","Zch_Stampfenbachstrasse","p","h1","hPa",956.38,"provisorisch"
"2021-01-01T15:00+0100","Zch_Stampfenbachstrasse","RainDur","h1","min",0,"provisorisch"
"2021-01-01T15:00+0100","Zch_Stampfenbachstrasse","StrGlo","h1","W/m2",39.76,"provisorisch"
"2021-01-01T15:00+0100","Zch_Stampfenbachstrasse","WD","h1","°",11.35,"provisorisch"
"2021-01-01T15:00+0100","Zch_Stampfenbachstrasse","WVv","h1","m/s",1.98,"provisorisch"
"2021-01-01T15:00+0100","Zch_Stampfenbachstrasse","WVs","h1","m/s",2.08,"provisorisch"
"2021-01-01T15:00+0100","Zch_Schimmelstrasse","T","h1","°C",3.28,"provisorisch"
"2021-01-01T15:00+0100","Zch_Schimmelstrasse","Hr","h1","%Hr",80.72,"provisorisch"
"2021-01-01T15:00+0100","Zch_Schimmelstrasse","p","h1","hPa",959.11,"provisorisch"
"2021-01-01T15:00+0100","Zch_Schimmelstrasse","RainDur","h1","min",0,"provisorisch"
"2021-01-01T15:00+0100","Zch_Schimmelstrasse","WD","h1","°",323.34,"provisorisch"
"2021-01-01T15:00+0100","Zch_Schimmelstrasse","WVv","h1","m/s",0.55,"provisorisch"
"2021-01-01T15:00+0100","Zch_Schimmelstrasse","WVs","h1","m/s",1.15,"provisorisch"
"2021-01-01T15:00+0100","Zch_Rosengartenstrasse","T","h1","°C",2.74,"provisorisch"
"2021-01-01T15:00+0100","Zch_Rosengartenstrasse","Hr","h1","%Hr",86.98,"provisorisch"
"2021-01-01T15:00+0100","Zch_Rosengartenstrasse","p","h1","hPa",956.78,"provisorisch"
"2021-01-01T15:00+0100","Zch_Rosengartenstrasse","RainDur","h1","min",0,"provisorisch"
"2021-01-01T15:00+0100","Zch_Rosengartenstrasse","WD","h1","°",128.47,"provisorisch"
"2021-01-01T15:00+0100","Zch_Rosengartenstrasse","WVv","h1","m/s",0.2,"provisorisch"
"2021-01-01T15:00+0100","Zch_Rosengartenstrasse","WVs","h1","m/s",0.42,"provisorisch"
"2021-01-01T16:00+0100","Zch_Stampfenbachstrasse","T","h1","°C",3.06,"provisorisch"
"2021-01-01T16:00+0100","Zch_Stampfenbachstrasse","Hr","h1","%Hr",82.05,"provisorisch"
"2021-01-01T16:00+0100","Zch_Stampfenbachstrasse","p","h1","hPa",956.56,"provisorisch"
"2021-01-01T16:00+0100","Zch_Stampfenbachstrasse","RainDur","h1","min",0,"provisorisch"
"2021-01-01T16:00+0100","Zch_Stampfenbachstrasse","StrGlo","h1","W/m2",7.33,"provisorisch"
"2021-01-01T16:00+0100","Zch_Stampfenbachstrasse","WD","h1","°",31.47,"provisorisch"
"2021-01-01T16:00+0100","Zch_Stampfenbachstrasse","WVv","h1","m/s",1.96,"provisorisch"
"2021-01-01T16:00+0100","Zch_Stampfenbachstrasse","WVs","h1","m/s",2.06,"provisorisch"
"2021-01-01T16:00+0100","Zch_Schimmelstrasse","T","h1","°C",3.43,"provisorisch"
"2021-01-01T16:00+0100","Zch_Schimmelstrasse","Hr","h1","%Hr",80.25,"provisorisch"
"2021-01-01T16:00+0100","Zch_Schimmelstrasse","p","h1","hPa",959.35,"provisorisch"
"2021-01-01T16:00+0100","Zch_Schimmelstrasse","RainDur","h1","min",0,"provisorisch"
"2021-01-01T16:00+0100","Zch_Schimmelstrasse","WD","h1","°",320.65,"provisorisch"
"2021-01-01T16:00+0100","Zch_Schimmelstrasse","WVv","h1","m/s",0.89,"provisorisch"
"2021-01-01T16:00+0100","Zch_Schimmelstrasse","WVs","h1","m/s",0.98,"provisorisch"
"2021-01-01T16:00+0100","Zch_Rosengartenstrasse","T","h1","°C",2.85,"provisorisch"
"2021-01-01T16:00+0100","Zch_Rosengartenstrasse","Hr","h1","%Hr",86.02,"provisorisch"
"2021-01-01T16:00+0100","Zch_Rosengartenstrasse","p","h1","hPa",957.02,"provisorisch"
"2021-01-01T16:00+0100","Zch_Rosengartenstrasse","RainDur","h1","min",0,"provisorisch"
"2021-01-01T16:00+0100","Zch_Rosengartenstrasse","WD","h1","°",120.6,"provisorisch"
"2021-01-01T16:00+0100","Zch_Rosengartenstrasse","WVv","h1","m/s",0.27,"provisorisch"
"2021-01-01T16:00+0100","Zch_Rosengartenstrasse","WVs","h1","m/s",0.51,"provisorisch"
"2021-01-01T17:00+0100","Zch_Stampfenbachstrasse","T","h1","°C",2.94,"provisorisch"
"2021-01-01T17:00+0100","Zch_Stampfenbachstrasse","Hr","h1","%Hr",81.2,"provisorisch"
"2021-01-01T17:00+0100","Zch_Stampfenbachstrasse","p","h1","hPa",956.99,"provisorisch"
"2021-01-01T17:00+0100","Zch_Stampfenbachstrasse","RainDur","h1","min",0,"provisorisch"
"2021-01-01T17:00+0100","Zch_Stampfenbachstrasse","StrGlo","h1","W/m2",0.02,"provisorisch"
"2021-01-01T17:00+0100","Zch_Stampfenbachstrasse","WD","h1","°",25.82,"provisorisch"
"2021-01-01T17:00+0100","Zch_Stampfenbachstrasse","WVv","h1","m/s",2.75,"provisorisch"
"2021-01-01T17:00+0100","Zch_Stampfenbachstrasse","WVs","h1","m/s",2.8,"provisorisch"
"2021-01-01T17:00+0100","Zch_Schimmelstrasse","T","h1","°C",3.27,"provisorisch"
"2021-01-01T17:00+0100","Zch_Schimmelstrasse","Hr","h1","%Hr",78.85,"provisorisch"
"2021-01-01T17:00+0100","Zch_Schimmelstrasse","p","h1","hPa",959.76,"provisorisch"
"2021-01-01T17:00+0100","Zch_Schimmelstrasse","RainDur","h1","min",0,"provisorisch"
"2021-01-01T17:00+0100","Zch_Schimmelstrasse","WD","h1","°",335.27,"provisorisch"
"2021-01-01T17:00+0100","Zch_Schimmelstrasse","WVv","h1","m/s",0.26,"provisorisch"
"2021-01-01T17:00+0100","Zch_Schimmelstrasse","WVs","h1","m/s",1.03,"provisorisch"
"2021-01-01T17:00+0100","Zch_Rosengartenstrasse","T","h1","°C",2.51,"provisorisch"
"2021-01-01T17:00+0100","Zch_Rosengartenstrasse","Hr","h1","%Hr",85,"provisorisch"
"2021-01-01T17:00+0100","Zch_Rosengartenstrasse","p","h1","hPa",957.41,"provisorisch"
"2021-01-01T17:00+0100","Zch_Rosengartenstrasse","RainDur","h1","min",0,"provisorisch"
"2021-01-01T17:00+0100","Zch_Rosengartenstrasse","WD","h1","°",105.01,"provisorisch"
"2021-01-01T17:00+0100","Zch_Rosengartenstrasse","WVv","h1","m/s",0.36,"provisorisch"
"2021-01-01T17:00+0100","Zch_Rosengartenstrasse","WVs","h1","m/s",0.54,"provisorisch"
"2021-01-01T18:00+0100","Zch_Stampfenbachstrasse","T","h1","°C",2.73,"provisorisch"
"2021-01-01T18:00+0100","Zch_Stampfenbachstrasse","Hr","h1","%Hr",82.56,"provisorisch"
"2021-01-01T18:00+0100","Zch_Stampfenbachstrasse","p","h1","hPa",957.36,"provisorisch"
"2021-01-01T18:00+0100","Zch_Stampfenbachstrasse","RainDur","h1","min",0,"provisorisch"
"2021-01-01T18:00+0100","Zch_Stampfenbachstrasse","StrGlo","h1","W/m2",0.02,"provisorisch"
"2021-01-01T18:00+0100","Zch_Stampfenbachstrasse","WD","h1","°",20.9,"provisorisch"
"2021-01-01T18:00+0100","Zch_Stampfenbachstrasse","WVv","h1","m/s",2.61,"provisorisch"
"2021-01-01T18:00+0100","Zch_Stampfenbachstrasse","WVs","h1","m/s",2.66,"provisorisch"
"2021-01-01T18:00+0100","Zch_Schimmelstrasse","T","h1","°C",3.12,"provisorisch"
"2021-01-01T18:00+0100","Zch_Schimmelstrasse","Hr","h1","%Hr",79.65,"provisorisch"
"2021-01-01T18:00+0100","Zch_Schimmelstrasse","p","h1","hPa",960.11,"provisorisch"
"2021-01-01T18:00+0100","Zch_Schimmelstrasse","RainDur","h1","min",0,"provisorisch"
"2021-01-01T18:00+0100","Zch_Schimmelstrasse","WD","h1","°",320.67,"provisorisch"
"2021-01-01T18:00+0100","Zch_Schimmelstrasse","WVv","h1","m/s",0.52,"provisorisch"
"2021-01-01T18:00+0100","Zch_Schimmelstrasse","WVs","h1","m/s",0.98,"provisorisch"
"2021-01-01T18:00+0100","Zch_Rosengartenstrasse","T","h1","°C",2.33,"provisorisch"
"2021-01-01T18:00+0100","Zch_Rosengartenstrasse","Hr","h1","%Hr",85.26,"provisorisch"
"2021-01-01T18:00+0100","Zch_Rosengartenstrasse","p","h1","hPa",957.72,"provisorisch"
"2021-01-01T18:00+0100","Zch_Rosengartenstrasse","RainDur","h1","min",0,"provisorisch"
"2021-01-01T18:00+0100","Zch_Rosengartenstrasse","WD","h1","°",118.5,"provisorisch"
"2021-01-01T18:00+0100","Zch_Rosengartenstrasse","WVv","h1","m/s",0.33,"provisorisch"
"2021-01-01T18:00+0100","Zch_Rosengartenstrasse","WVs","h1","m/s",0.53,"provisorisch"
"2021-01-01T19:00+0100","Zch_Stampfenbachstrasse","T","h1","°C",2.37,"provisorisch"
"2021-01-01T19:00+0100","Zch_Stampfenbachstrasse","Hr","h1","%Hr",86.62,"provisorisch"
"2021-01-01T19:00+0100","Zch_Stampfenbachstrasse","p","h1","hPa",957.46,"provisorisch"
"2021-01-01T19:00+0100","Zch_Stampfenbachstrasse","RainDur","h1","min",0,"provisorisch"
"2021-01-01T19:00+0100","Zch_Stampfenbachstrasse","StrGlo","h1","W/m2",0.02,"provisorisch"
"2021-01-01T19:00+0100","Zch_Stampfenbachstrasse","WD","h1","°",33.12,"provisorisch"
"2021-01-01T19:00+0100","Zch_Stampfenbachstrasse","WVv","h1","m/s",1.98,"provisorisch"
"2021-01-01T19:00+0100","Zch_Stampfenbachstrasse","WVs","h1","m/s",2.03,"provisorisch"
"2021-01-01T19:00+0100","Zch_Schimmelstrasse","T","h1","°C",2.74,"provisorisch"
"2021-01-01T19:00+0100","Zch_Schimmelstrasse","Hr","h1","%Hr",82.4,"provisorisch"
"2021-01-01T19:00+0100","Zch_Schimmelstrasse","p","h1","hPa",960.16,"provisorisch"
"2021-01-01T19:00+0100","Zch_Schimmelstrasse","RainDur","h1","min",2.73,"provisorisch"
"2021-01-01T19:00+0100","Zch_Schimmelstrasse","WD","h1","°",322.64,"provisorisch"
"2021-01-01T19:00+0100","Zch_Schimmelstrasse","WVv","h1","m/s",0.64,"provisorisch"
"2021-01-01T19:00+0100","Zch_Schimmelstrasse","WVs","h1","m/s",1.03,"provisorisch"
"2021-01-01T19:00+0100","Zch_Rosengartenstrasse","T","h1","°C",2.05,"provisorisch"
"2021-01-01T19:00+0100","Zch_Rosengartenstrasse","Hr","h1","%Hr",89.02,"provisorisch"
"2021-01-01T19:00+0100","Zch_Rosengartenstrasse","p","h1","hPa",957.8,"provisorisch"
"2021-01-01T19:00+0100","Zch_Rosengartenstrasse","RainDur","h1","min",3,"provisorisch"
"2021-01-01T19:00+0100","Zch_Rosengartenstrasse","WD","h1","°",115.29,"provisorisch"
"2021-01-01T19:00+0100","Zch_Rosengartenstrasse","WVv","h1","m/s",0.32,"provisorisch"
"2021-01-01T19:00+0100","Zch_Rosengartenstrasse","WVs","h1","m/s",0.5,"provisorisch"
"2021-01-01T20:00+0100","Zch_Stampfenbachstrasse","T","h1","°C",2.41,"provisorisch"
"2021-01-01T20:00+0100","Zch_Stampfenbachstrasse","Hr","h1","%Hr",86.42,"provisorisch"
"2021-01-01T20:00+0100","Zch_Stampfenbachstrasse","p","h1","hPa",957.6,"provisorisch"
"2021-01-01T20:00+0100","Zch_Stampfenbachstrasse","RainDur","h1","min",0,"provisorisch"
"2021-01-01T20:00+0100","Zch_Stampfenbachstrasse","StrGlo","h1","W/m2",0.02,"provisorisch"
"2021-01-01T20:00+0100","Zch_Stampfenbachstrasse","WD","h1","°",32.47,"provisorisch"
"2021-01-01T20:00+0100","Zch_Stampfenbachstrasse","WVv","h1","m/s",2.45,"provisorisch"
"2021-01-01T20:00+0100","Zch_Stampfenbachstrasse","WVs","h1","m/s",2.5,"provisorisch"
"2021-01-01T20:00+0100","Zch_Schimmelstrasse","T","h1","°C",2.76,"provisorisch"
"2021-01-01T20:00+0100","Zch_Schimmelstrasse","Hr","h1","%Hr",82.32,"provisorisch"
"2021-01-01T20:00+0100","Zch_Schimmelstrasse","p","h1","hPa",960.28,"provisorisch"
"2021-01-01T20:00+0100","Zch_Schimmelstrasse","RainDur","h1","min",2.07,"provisorisch"
"2021-01-01T20:00+0100","Zch_Schimmelstrasse","WD","h1","°",328.41,"provisorisch"
"2021-01-01T20:00+0100","Zch_Schimmelstrasse","WVv","h1","m/s",0.6,"provisorisch"
"2021-01-01T20:00+0100","Zch_Schimmelstrasse","WVs","h1","m/s",1.14,"provisorisch"
"2021-01-01T20:00+0100","Zch_Rosengartenstrasse","T","h1","°C",2.12,"provisorisch"
"2021-01-01T20:00+0100","Zch_Rosengartenstrasse","Hr","h1","%Hr",87.33,"provisorisch"
"2021-01-01T20:00+0100","Zch_Rosengartenstrasse","p","h1","hPa",957.92,"provisorisch"
"2021-01-01T20:00+0100","Zch_Rosengartenstrasse","RainDur","h1","min",7.47,"provisorisch"
"2021-01-01T20:00+0100","Zch_Rosengartenstrasse","WD","h1","°",119.67,"provisorisch"
"2021-01-01T20:00+0100","Zch_Rosengartenstrasse","WVv","h1","m/s",0.35,"provisorisch"
"2021-01-01T20:00+0100","Zch_Rosengartenstrasse","WVs","h1","m/s",0.54,"provisorisch"
"2021-01-01T21:00+0100","Zch_Stampfenbachstrasse","T","h1","°C",2.2,"provisorisch"
"2021-01-01T21:00+0100","Zch_Stampfenbachstrasse","Hr","h1","%Hr",87.92,"provisorisch"
"2021-01-01T21:00+0100","Zch_Stampfenbachstrasse","p","h1","hPa",957.88,"provisorisch"
"2021-01-01T21:00+0100","Zch_Stampfenbachstrasse","RainDur","h1","min",0,"provisorisch"
"2021-01-01T21:00+0100","Zch_Stampfenbachstrasse","StrGlo","h1","W/m2",0.02,"provisorisch"
"2021-01-01T21:00+0100","Zch_Stampfenbachstrasse","WD","h1","°",30.34,"provisorisch"
"2021-01-01T21:00+0100","Zch_Stampfenbachstrasse","WVv","h1","m/s",2.21,"provisorisch"
"2021-01-01T21:00+0100","Zch_Stampfenbachstrasse","WVs","h1","m/s",2.25,"provisorisch"
"2021-01-01T21:00+0100","Zch_Schimmelstrasse","T","h1","°C",2.55,"provisorisch"
"2021-01-01T21:00+0100","Zch_Schimmelstrasse","Hr","h1","%Hr",83.89,"provisorisch"
"2021-01-01T21:00+0100","Zch_Schimmelstrasse","p","h1","hPa",960.54,"provisorisch"
"2021-01-01T21:00+0100","Zch_Schimmelstrasse","RainDur","h1","min",0.05,"provisorisch"
"2021-01-01T21:00+0100","Zch_Schimmelstrasse","WD","h1","°",323.06,"provisorisch"
"2021-01-01T21:00+0100","Zch_Schimmelstrasse","WVv","h1","m/s",0.97,"provisorisch"
"2021-01-01T21:00+0100","Zch_Schimmelstrasse","WVs","h1","m/s",1.23,"provisorisch"
"2021-01-01T21:00+0100","Zch_Rosengartenstrasse","T","h1","°C",1.87,"provisorisch"
"2021-01-01T21:00+0100","Zch_Rosengartenstrasse","Hr","h1","%Hr",87.59,"provisorisch"
"2021-01-01T21:00+0100","Zch_Rosengartenstrasse","p","h1","hPa",958.18,"provisorisch"
"2021-01-01T21:00+0100","Zch_Rosengartenstrasse","RainDur","h1","min",0.2,"provisorisch"
"2021-01-01T21:00+0100","Zch_Rosengartenstrasse","WD","h1","°",115.81,"provisorisch"
"2021-01-01T21:00+0100","Zch_Rosengartenstrasse","WVv","h1","m/s",0.5,"provisorisch"
"2021-01-01T21:00+0100","Zch_Rosengartenstrasse","WVs","h1","m/s",0.66,"provisorisch"
"2021-01-01T22:00+0100","Zch_Stampfenbachstrasse","T","h1","°C",2.17,"provisorisch"
"2021-01-01T22:00+0100","Zch_Stampfenbachstrasse","Hr","h1","%Hr",90.21,"provisorisch"
"2021-01-01T22:00+0100","Zch_Stampfenbachstrasse","p","h1","hPa",958.06,"provisorisch"
"2021-01-01T22:00+0100","Zch_Stampfenbachstrasse","RainDur","h1","min",0,"provisorisch"
"2021-01-01T22:00+0100","Zch_Stampfenbachstrasse","StrGlo","h1","W/m2",0.02,"provisorisch"
"2021-01-01T22:00+0100","Zch_Stampfenbachstrasse","WD","h1","°",40.35,"provisorisch"
"2021-01-01T22:00+0100","Zch_Stampfenbachstrasse","WVv","h1","m/s",2.34,"provisorisch"
"2021-01-01T22:00+0100","Zch_Stampfenbachstrasse","WVs","h1","m/s",2.38,"provisorisch"
"2021-01-01T22:00+0100","Zch_Schimmelstrasse","T","h1","°C",2.57,"provisorisch"
"2021-01-01T22:00+0100","Zch_Schimmelstrasse","Hr","h1","%Hr",86.11,"provisorisch"
"2021-01-01T22:00+0100","Zch_Schimmelstrasse","p","h1","hPa",960.7,"provisorisch"
"2021-01-01T22:00+0100","Zch_Schimmelstrasse","RainDur","h1","min",0,"provisorisch"
"2021-01-01T22:00+0100","Zch_Schimmelstrasse","WD","h1","°",323.98,"provisorisch"
"2021-01-01T22:00+0100","Zch_Schimmelstrasse","WVv","h1","m/s",0.57,"provisorisch"
"2021-01-01T22:00+0100","Zch_Schimmelstrasse","WVs","h1","m/s",1.23,"provisorisch"